nedda_amini	Nedda	 Amini	nedda_amini@umail.ucsb.edu                                                      
jacobanderson	Jacob	 Anderson	jacobanderson@umail.ucsb.edu                                                    
cba_2005	Caressa	 Arias	cba@umail.ucsb.edu                                                              
mbaltes	Mathew	 Baltes	mathewbaltes@umail.ucsb.edu                                                     
pbennion	Peter	 Bennion	pbennion@umail.ucsb.edu                                                         
andrewberls	Andrew	 Berls	aberls@umail.ucsb.edu                                                           
rborn	Ryan	 Born	rborn@umail.ucsb.edu                                                            
arleneb	Arlene	 Budiardjono	afb@umail.ucsb.edu                                                              
ktbui	Khang	 Bui	kbui@umail.ucsb.edu                                                             
thomascarli	Thomas	 Carli	thomascarli@umail.ucsb.edu                                                      
gordoncheung	Gordon	 Cheung	gordoncheung@umail.ucsb.edu                                                     
cooney	Andrew	 Cooney	cooney@umail.ucsb.edu                                                           
petecruz	Pete	 Cruz	petecruz@umail.ucsb.edu                                                         
sdacanay	Samuel	 Dacanay	sdacanay@umail.ucsb.edu                                                         
joeydewan	Joey	 Dewan	joeydewan@umail.ucsb.edu                                                        
bfiller	Bryce	 Filler	bfiller@umail.ucsb.edu                                                          
timothyfok	Timothy	 Fok	timothyfok@umail.ucsb.edu                                                       
trevorfrese	Trevor	 Frese	trevorfrese@umail.ucsb.edu                                                      
sanchitg94	Sanchit	 Gupta	sanchit@umail.ucsb.edu                                                          
unknown	HAIGH	SPENSER	swhaigh@umail.ucsb.edu                                                          
thekman	Tyler	 Hekman	thekman@umail.ucsb.edu                                                          
anshuljain	Anshul	 Jain	anshuljain@umail.ucsb.edu                                                       
shayon	Shayon	 Javadizadeh	shayon@umail.ucsb.edu                                                           
jmk	Jonathan	 Kassan	jmkassan@umail.ucsb.edu                                                         
bhanu	Bhanu	 Khanijau	bhanu@umail.ucsb.edu                                                            
bkiefer	Brynn	 Kiefer	bkiefer@umail.ucsb.edu                                                          
fannykuang	Fanny	 Kuang	fannykuang@umail.ucsb.edu                                                       
denimalpaca	Benjmain	 Lampel	blampel@umail.ucsb.edu                                                          
htl	Hunter	 Laux	htl@umail.ucsb.edu                                                              
klee00	Kwong	 Lee	klee00@umail.ucsb.edu                                                           
jessie	Jessie	 Lin	jessie@umail.ucsb.edu                                                           
cbl	Cameron	 Loughman	cbl@umail.ucsb.edu                                                              
sophiamao	Sophia	 Mao	sophiamao@umail.ucsb.edu                                                        
ricky01	Ricky	 Martinez	rmm01@umail.ucsb.edu                                                            
omasri	Omar	 Masri	omasri@umail.ucsb.edu                                                           
iriselenimoridis	Iris-Eleni	 Moridis	iriselenimoridis@umail.ucsb.edu                                                 
nivedhmudaliar	Nivedh	 Mudaliar	nivedhmudaliar@umail.ucsb.edu                                                   
spencerneste	Spencer	 Neste	spencerneste@umail.ucsb.edu                                                     
mpnguyen	Mark	 Nguyen	mpnguyen@umail.ucsb.edu                                                         
jotwell	Jonathan	 Otwell	jotwell@umail.ucsb.edu                                                          
mpolyakova	Maria	 Polyakova	mpolyakova@umail.ucsb.edu                                                       
stirling	Stirling	 Poon	stirlingpoon@umail.ucsb.edu                                                     
danielrazavi	Daniel	 Razavi	danielrazavi@umail.ucsb.edu                                                     
tairodrig	Tai	 Rodrig	tairodrig@umail.ucsb.edu                                                        
shervinater	Shervin	 Shaikh	shervinshaikh@umail.ucsb.edu                                                    
alexander_smith	Alexander	 Smith	alexander_smith@umail.ucsb.edu                                                  
jstaahl	Jakob	 Staahl	jstaahl@umail.ucsb.edu                                                          
stansbury	Sarah	 Stansbury	stansbury@umail.ucsb.edu                                                        
s_sullivan	Sean	 Sullivan	ssullivan90@gmail.com                                                           
zachary_swanson	Zachary	 Swanson	zachary_swanson@umail.ucsb.edu                                                  
austintajiri	Austin	 Tajiri	austintajiri@umail.ucsb.edu                                                     
danieltea	Daniel	 Tea	danieltea@umail.ucsb.edu                                                        
dtruong	David	 Truong	dtruong@umail.ucsb.edu                                                          
dvicory	Daniel	 Vicory	dvicory@umail.ucsb.edu                                                          
arnoldv1708	Arnold	 Villatoro	arnoldvillatoro@umail.ucsb.edu                                                  
briankwan	Brian	 Wan	briankwan@umail.ucsb.edu                                                        
yixinwang	Yixin	 Wang	yixinwang@umail.ucsb.edu                                                        
e_west	Evan	 West	e_west@umail.ucsb.edu                                                           
jkwhite	Jeremy	 White	jkwhite@umail.ucsb.edu                                                          
dwinkenwerder	David	 Winkenwerder	dwinkenwerder@umail.ucsb.edu                                                    
awood314	Alexander	 Wood	alexander_wood@umail.ucsb.edu                                                   
frickenhamster	Alexander	 Yan	aayan@umail.ucsb.edu                                                            
